nombre,precio,localización,habitaciones,baños,area,vendedor,fecha de publicación,link
Casa en alquiler en Nayon - Tanda,$ 2.650,Nayon - Tanda/Valle Tumbaco/Quito/Pichincha,5 habitaciones,5 baños,500 m²,InmoMemories,16/01/2023
Casa en alquiler en Conocoto,$ 740,Conocoto/Valle Los Chillos/Quito/Pichincha,3 habitaciones,2 baños,182 m²,Estefania Cela Bienes Raíces,06/01/2023
Casa en alquiler en Guayaquil,$ 999,Guayaquil/Guayas,4 habitaciones,3 baños,200 m²,Planeta Inmobiliario,14/01/2023
Casa en alquiler en Daule,$ 580,Daule/Guayas,2 habitaciones,2 baños,220 m²,BIENES RAÍCES FLORES,16/01/2023
Casa en alquiler en Tumbaco,$ 2.500,Tumbaco/Valle Tumbaco/Quito/Pichincha,4 habitaciones,5 baños,319 m²,Innova Real State,16/01/2023
Casa en alquiler en Cumbaya,$ 1.500,Cumbaya/Valle Tumbaco/Quito/Pichincha,3 habitaciones,2 baños,279 m²,Innova Real State,17/01/2023
Casa en alquiler en Cumbaya,$ 6.000,Cumbaya/Valle Tumbaco/Quito/Pichincha,4 habitaciones,5 baños,656 m²,Innova Real State,20/01/2023
Casa en alquiler en Cumbaya,$ 1.500,Cumbaya/Valle Tumbaco/Quito/Pichincha,3 habitaciones,2 baños,318 m²,Innova Real State,16/01/2023
Casa en alquiler en Rumipamba,$ 1.800,Rumipamba/Centro Norte/Quito/Pichincha,5 habitaciones,3 baños,230 m²,AC Real Estate Inmobiliaria,06/01/2023
Casa en alquiler en Cochapamba,$ 1.100,Cochapamba/Centro Norte/Quito/Pichincha,6 habitaciones,3 baños,364 m²,BACBR- MGV Servicios Inmobiliarios,15/01/2023
Casa en alquiler en Tumbaco,$ 2.400,Tumbaco/Valle Tumbaco/Quito/Pichincha,4 habitaciones,4 baños,580 m²,CENTURY 21 Elite,18/01/2023
Casa en alquiler en San Isidro del Inca,$ 500,San Isidro del Inca/Centro Norte/Quito/Pichincha,3 habitaciones,2 baños,140 m²,Eduardo Guerrero,09/01/2023
Casa en alquiler en Calderón,$ 250,Calderón/Norte De Quito/Quito/Pichincha,3 habitaciones,1 baño,90 m²,Bienes Raices ProMon,10/01/2023
Casa en alquiler en San Jacinto De Yaguachi,$ 480,San Jacinto De Yaguachi/Guayas,3 habitaciones,2 baños,105 m²,BIENES RAICES LMSA,11/01/2023
Casa en alquiler en Conocoto,$ 460,Conocoto/Valle Los Chillos/Quito/Pichincha,3 habitaciones,3 baños,170 m²,CENTURY 21 Elite,18/01/2023
Casa en alquiler en Cumbaya,$ 900,Cumbaya/Valle Tumbaco/Quito/Pichincha,3 habitaciones,3 baños,170 m²,Yadira Aguirre - To Do Bienes Raíces Servicios Inmobiliarios y Soluciones de Inversión,11/01/2023
Casa en alquiler en Daule,$ 350,Daule/Guayas,3 habitaciones,3 baños,100 m²,Campuscorp,30/12/2022
Casa en alquiler en Cumbaya,$ 1.000,Cumbaya/Valle Tumbaco/Quito/Pichincha,3 habitaciones,2 baños,190 m²,Yadira Aguirre - To Do Bienes Raíces Servicios Inmobiliarios y Soluciones de Inversión,18/01/2023
Casa en alquiler en Centro De Guayaquil,$ 390,Centro De Guayaquil/Guayaquil/Guayas,2 habitaciones,2 baños,100 m²,Century 21 Smart,18/01/2023
Casa en alquiler en Samborondon,$ 550,Samborondon/Samborondon/Guayaquil/Guayas,3 habitaciones,2 baños,110 m²,Mariuxi Vera,10/01/2023
Casa en alquiler en Tumbaco,$ 750,Tumbaco/Valle Tumbaco/Quito/Pichincha,3 habitaciones,3 baños,130 m²,Innova Real State,11/01/2023
Casa en alquiler en Cumbaya,$ 950,Cumbaya/Valle Tumbaco/Quito/Pichincha,3 habitaciones,3 baños,28195 m²,"Monicka Mena, Asesor Inmobiliario y de Remodelación",10/01/2023
"Casa en arriendo, Norte de Quito, San Fernando",$ 400,"",3 habitaciones,2 baños,112 m²,"Monicka Mena, Asesor Inmobiliario y de Remodelación",17/01/2023
Casa en alquiler en Manta,$ 350,Manta/Manabi,3 habitaciones,2 baños,90 m²,Ing  Marisela Mero - Manta Bienes Raíces,12/01/2023
Casa en alquiler en Salitre,$ 420,Salitre/Guayas,3 habitaciones,3 baños,120 m²,VILLAGE REAL ESTATE,20/01/2023
Casa en alquiler en Cumbaya,$ 3.000,Cumbaya/Valle Tumbaco/Quito/Pichincha,4 habitaciones,4 baños,625 m²,Innova Real State,11/01/2023
Casa en alquiler en Cumbaya,$ 2.400,Cumbaya/Valle Tumbaco/Quito/Pichincha,4 habitaciones,5 baños,1050 m²,Innova Real State,11/01/2023
Casa en alquiler en Norte De Guayaquil,$ 580,Norte De Guayaquil/Guayaquil/Guayas,4 habitaciones,2 baños,357 m²,TOP REALTORS EC,24/12/2022
Casa en alquiler en Conocoto,$ 660,Conocoto/Valle Los Chillos/Quito/Pichincha,3 habitaciones,2 baños,160 m²,GLADYS GONZALEZ,27/12/2022
Casa en alquiler en Norte De Guayaquil,$ 600,Norte De Guayaquil/Guayaquil/Guayas,3 habitaciones,2 baños,120 m²,REMAX EVOLUTION,11/01/2023
Casa en alquiler en Norte De Guayaquil,$ 600,Norte De Guayaquil/Guayaquil/Guayas,3 habitaciones,2 baños,120 m²,REMAX EVOLUTION,11/01/2023
Casa en alquiler en Cumbaya,$ 850,Cumbaya/Valle Tumbaco/Quito/Pichincha,3 habitaciones,2 baños,250 m²,Capri Inmobiliario,18/01/2023
Casa en alquiler en Conocoto,$ 500,Conocoto/Valle Los Chillos/Quito/Pichincha,3 habitaciones,3 baños,140 m²,Maria Elena Jacome,03/01/2023
Casa en alquiler en Conocoto,$ 450,Conocoto/Valle Los Chillos/Quito/Pichincha,3 habitaciones,2 baños,138 m²,Maria Elena Jacome,20/01/2023
Casa en alquiler en Tumbaco,$ 780,Tumbaco/Valle Tumbaco/Quito/Pichincha,3 habitaciones,3 baños,192 m²,Innova Real State,17/01/2023
Casa en alquiler en Manta,$ 435,Manta/Manabi,3 habitaciones,2 baños,106 m²,Ing  Marisela Mero - Manta Bienes Raíces,23/12/2022
Casa en alquiler en Rumipamba,$ 2.500,Rumipamba/Centro Norte/Quito/Pichincha,4 habitaciones,4 baños,500 m²,Inmolujo,09/01/2023
Casa en alquiler en Manta,$ 550,Manta/Manabi,2 habitaciones,3 baños,125 m²,VIVEENMANTA COM,17/01/2023
Casa en alquiler en Cuenca,$ 1.380,Cuenca/Azuay,6 habitaciones,4 baños,800 m²,CUENCA CONDOS,19/01/2023
RENTA VILLA AMOBLADA DE 2 PLANTAS 3 DORMITORIOS EN PUERTO AZUL A LA DERECHA PUERTA 1,$ 1.900,"",3 habitaciones,5 baños,800 m²,Galo Guevara,19/01/2023
Casa en alquiler en Conocoto,$ 450,Conocoto/Valle Los Chillos/Quito/Pichincha,3 habitaciones,2 baños,93 m²,ANKHA REAL ESTATE,11/01/2023
Casa en alquiler en Conocoto,$ 500,Conocoto/Valle Los Chillos/Quito/Pichincha,3 habitaciones,2 baños,141 m²,INMOGEST GESTIÓN INMOBILIARIA,16/01/2023
Casa en alquiler en Pomasqui,$ 405,Pomasqui/Norte De Quito/Quito/Pichincha,3 habitaciones,2 baños,100 m²,ANKHA REAL ESTATE,17/01/2023
Casa en alquiler en Lloa,$ 4.900,Lloa/Sur De Quito/Quito/Pichincha,5 habitaciones,5 baños,700 m²,Francisco Molina - Inmoimpakto,19/01/2023
Casa en alquiler en Calderón,$ 550,Calderón/Norte De Quito/Quito/Pichincha,4 habitaciones,4 baños,200 m²,ANKHA REAL ESTATE,11/01/2023
Casa en alquiler en Puembo,$ 500,Puembo/Valle Tumbaco/Quito/Pichincha,3 habitaciones,1 baño,92 m²,ANKHA REAL ESTATE,17/01/2023
Casa en alquiler en Conocoto,$ 399,Conocoto/Valle Los Chillos/Quito/Pichincha,3 habitaciones,2 baños,127 m²,CENTURY 21 Elite,18/01/2023
Casa en alquiler en Cuenca,$ 2.000,Cuenca/Azuay,4 habitaciones,2 baños,1500 m²,www.redbienes.com,11/01/2023
Casa en alquiler en Tumbaco,$ 750,Tumbaco/Valle Tumbaco/Quito/Pichincha,4 habitaciones,4 baños,300 m²,GM BIENES RAÍCES,22/12/2022
Casa en alquiler en Samborondon,$ 4.500,Samborondon/Samborondon/Guayaquil/Guayas,4 habitaciones,5 baños,400 m²,Asesores AndBeb & Soluciones And-Beb,13/01/2023
Casa en alquiler en Cumbaya,$ 2.830,Cumbaya/Valle Tumbaco/Quito/Pichincha,4 habitaciones,5 baños,390 m²,Innova Real State,11/01/2023
Casa en alquiler en El Inca,$ 850,El Inca/Jipijapa/Centro Norte/Quito/Pichincha,3 habitaciones,3 baños,200 m²,ANKHA REAL ESTATE,11/01/2023
Casa en alquiler en Conocoto,$ 1.500,Conocoto/Valle Los Chillos/Quito/Pichincha,4 habitaciones,2 baños,200 m²,ANKHA REAL ESTATE,11/01/2023
Casa en alquiler en Kennedy,$ 850,Kennedy/Centro Norte/Quito/Pichincha,3 habitaciones,1 baño,360 m²,ANKHA REAL ESTATE,12/01/2023
Casa en alquiler en Centro De Guayaquil,$ 400,Centro De Guayaquil/Guayaquil/Guayas,3 habitaciones,3 baños,110 m²,Nuevo Hogar,19/01/2023
Casa en alquiler en Calderón,$ 480,Calderón/Norte De Quito/Quito/Pichincha,3 habitaciones,2 baños,120 m²,Gino Ayala - Inmoimpakto,30/12/2022
Casa en alquiler en El Condado,$ 2.500,El Condado/Norte De Quito/Quito/Pichincha,5 habitaciones,4 baños,500 m²,ANKHA REAL ESTATE,10/01/2023
Casa en alquiler en Calderón,$ 630,Calderón/Norte De Quito/Quito/Pichincha,3 habitaciones,3 baños,160 m²,ANKHA REAL ESTATE,11/01/2023
Casa en alquiler en Guayaquil,$ 500,Guayaquil/Guayas,3 habitaciones,3 baños,120 m²,Casanova Inmobiliaria,14/01/2023
Casa en alquiler en Centro De Quito,$ 1.500,Centro De Quito/Centro Colonial/Quito/Pichincha,14 habitaciones,6 baños,492 m²,"RE REAL ESTATE QUITO, ECUADOR",14/01/2023
